#source:radsex-signif;min_depth:5;signif_threshold:0.05;bonferroni:true;n_markers:19605
id	sequence	De_214	De_314	De_315	De_263	De_243	De_245	De_279	De_235	De_294	De_333	De_244	De_313	De_278	De_284	De_257	De_291	De_283	De_259	De_224	De_299	De_311	De_335	De_342	De_226	De_289	De_316	De_290	De_222	De_255	De_297	De_230	De_295	De_282	De_237	De_208	De_202	De_251	De_280	De_262	De_241	De_265	De_219	De_239	De_277	De_233	De_213	De_238	De_236	De_227	De_288	De_309	De_307	De_322	De_264	De_338	De_252	De_286	De_343	De_249	De_205	De_231	De_234	De_211	De_248	De_217	De_223	De_308	De_209	De_221	De_293	De_298	De_247	De_212	De_258	De_267	De_300	De_228	De_206	De_261	De_339	De_281	De_256	De_246	De_266	De_253	De_240	De_260	De_340	De_292	De_336	De_337	De_250	De_312	De_207	De_210	De_201	De_287	De_254	De_285
61642	TGCAGGCCAACATACAAGACGTTTTAATGCACCAACTATTGATGAAGTTGCTATCGTTGTAGTTGGAGAAAACTTGGAATCCCGTGATATTGTTTTACATCGTCGGAATGATCAATTACAACGTATAAAGGAAACACACCG	0	1	3	14	0	0	6	0	2	0	0	1	6	7	7	4	0	4	0	6	4	0	0	0	2	1	9	0	1	1	0	6	2	0	11	6	4	2	1	0	3	0	0	5	0	0	0	0	0	4	5	5	4	3	9	4	5	0	0	10	0	0	0	6	0	0	5	1	0	4	8	16	0	8	1	4	0	8	6	0	10	4	0	8	5	0	5	0	4	0	0	0	3	6	10	0	5	3	3
75844	TGCAGGTCGAAGCTTACTGCCTCTACTTACACCTGGTGTCCTTCTGGAGATGGACGCTGCACATAGATCATTTTTCAGGATTTAGGCGGCAAAAATTATTTTATGTGATATTTATTTTACAAAATAATTACATTAAAGAAT	1	19	10	25	0	0	47	0	1	0	0	20	14	9	11	5	40	17	0	35	33	0	2	0	30	2	45	0	16	4	0	31	28	0	48	9	45	26	57	0	10	1	0	10	0	0	0	0	0	44	22	10	24	36	34	15	66	0	1	36	1	0	0	33	0	0	36	12	0	32	21	65	0	41	16	6	0	51	22	0	17	115	0	89	30	0	45	0	36	0	0	1	44	12	49	0	32	29	32
112428	TGCAGGTGCTTTTTTCAAAGTGATAATATTGATTTTAATAATTATTCTCATGATAATAACTTATAGCGACTACTTGGAAGTCAAAATTTTTCAGAAAATTTAACATAAAAATCAAATTAAACTGTGTAAAAATTAAAATCC	0	8	2	13	9	12	13	2	2	3	7	3	6	5	3	4	3	9	4	7	6	13	3	6	13	0	9	3	7	0	1	5	8	4	12	3	12	9	6	8	7	7	0	5	1	4	2	2	10	4	6	6	13	9	9	9	12	0	1	12	4	6	3	6	1	0	3	4	2	9	11	35	15	11	6	4	9	16	7	0	1	21	2	9	10	0	19	15	9	0	10	0	14	8	15	3	7	6	5
139535	TGCAGGTGGTACAAAACAAATGCCTCCGTATGGCTATTAAATATTCATGCTACCCAAAACTTCCTAGAACCTCGTGGTTACATGACATAGCCGATATACCCACTGTCAAAGACTTCGTCACCAAAATTTCAACAAACTTTT	0	6	1	5	0	0	9	0	0	0	0	2	5	0	3	4	7	5	0	6	5	0	0	0	10	1	7	0	3	1	0	6	8	0	7	7	4	9	10	0	1	0	0	7	0	0	0	0	0	7	2	0	3	11	4	8	7	0	0	7	0	0	0	5	0	0	8	2	1	9	1	12	0	10	4	4	0	7	9	0	3	8	0	7	3	0	10	0	2	0	0	0	4	1	8	0	3	8	1
168393	TGCAGGTCGACCAGCAACTGGTGAAAAAACACACTCCGTGTGTCTAACTGCCACAGTTGCATGCTGCCGCCCTCTTATATTACATCTTTTTACGTGATATGATGACATCAAGTCGCAATATTTACTGTTCGGTGTAAGAAT	0	7	1	7	0	1	9	0	5	0	0	4	1	1	6	1	5	6	0	8	8	0	0	0	6	0	9	0	8	0	0	8	10	0	20	6	11	4	14	0	7	0	0	4	0	0	0	0	0	8	6	6	4	4	14	6	8	0	0	20	0	0	0	5	0	0	3	2	1	8	7	18	0	19	8	2	0	16	13	0	2	22	0	8	3	0	13	0	7	0	0	3	8	9	15	0	9	11	6
182064	TGCAGGGACCAGCATCGCGGTGGTCGACCAAATGAAGTGACGATTCCAGAAATGTTGAAGAAAATCCAAAAAATTTGGACTTTAAAAGTTGTATACAAGTTGGATGTTGCGTTTGTTTACAATCGAACAAAAACATCGAAT	0	11	2	12	12	2	12	0	4	6	2	5	8	12	8	5	6	8	2	8	11	10	7	11	16	2	17	4	6	2	11	6	8	9	18	13	9	11	17	9	7	17	0	5	4	11	3	9	15	11	13	6	7	6	16	14	7	0	0	13	6	1	7	7	0	2	12	0	3	12	7	20	5	8	6	7	7	16	12	0	14	15	3	17	6	4	16	22	11	7	14	0	7	6	5	1	6	6	8
192632	TGCAGGTCACTTTTACTAGTACCCGTAGTATTGTATTATTCTTCTGCCATTTCTATGGTCCGTTTTCCCAAATTTTTAGGCCAGCAAGTTGTTCTTGACCTGTGCTGTATTCAGACTTTTGTTAATTCTGAAGCTATTTTT	0	12	7	12	10	14	11	6	5	0	8	7	9	5	9	5	6	9	12	16	16	15	4	10	11	0	15	3	6	1	15	12	14	2	23	5	19	17	9	4	10	13	3	4	2	9	4	2	6	10	8	5	14	13	17	9	9	0	2	16	11	9	7	7	0	0	5	5	6	9	6	45	7	19	6	2	9	15	12	0	6	28	0	23	5	8	9	20	9	1	13	0	11	10	15	11	10	15	13
195680	TGCAGGTCGACCAGCAACTGGTGAAAAAACACACTCCGTGTGTCTGACTACCACAGTTACATGCTGCCGCCCTCTTACATTACATCTTTTTACGTGATATGATGACATCAAGTCGCAATATTTACTGTTCGGTGTAAGAAT	0	6	2	5	0	0	5	0	0	0	0	5	3	3	4	1	8	4	0	4	0	0	0	0	12	1	8	0	2	0	0	7	5	0	12	4	5	2	6	0	5	0	0	1	0	0	0	0	0	7	6	3	6	4	10	8	7	0	0	12	0	0	0	8	0	0	11	0	0	8	6	21	0	16	1	5	0	15	9	0	2	19	0	15	8	0	5	0	5	0	0	0	12	5	7	0	4	4	4
199592	TGCAGGGTGGGGAAATTTTGTTTGGTACCTGTGTAGTAGACTGGGGCTGCGTATGTTAAAATGGGTCTAATGATTTGTTTGTATAATAAAAGTTTGTTTTGTGTGGTGAGTTTACTGTGTTTACAGATGAGAGGGTAAAGT	0	8	1	7	0	0	8	0	5	0	0	2	9	6	3	4	5	5	0	11	4	0	0	0	6	2	4	0	1	2	0	7	5	0	13	6	5	5	7	0	3	0	0	3	0	0	0	0	0	6	2	1	3	12	10	7	5	0	0	8	0	0	0	1	0	0	5	2	0	9	4	9	0	8	1	2	0	4	10	0	1	10	0	7	3	0	12	0	8	0	0	0	6	4	4	0	7	5	6
216368	TGCAGGGTGCGGAAATTTTGTTTGGTACCTGTGTAGTAGACTGGGGCTGCGTATGTTAAAATGGGTCTAATGATTTATTTGTATAATAAAAGTTTCTTTTGTGTGGTGAGTTTACTGTGTTTACAGATGAGAGGGTAAAGT	0	13	5	18	0	0	10	0	5	0	0	5	4	12	4	11	8	20	0	10	14	1	1	0	15	2	20	0	6	6	0	9	11	0	14	7	10	12	18	1	8	0	0	0	0	1	0	0	0	10	12	4	8	19	20	15	14	0	0	22	0	0	0	8	0	0	9	3	0	17	10	27	0	14	4	5	0	20	14	0	8	20	1	20	7	0	24	0	16	0	0	0	16	6	14	0	10	9	5
217713	TGCAGGGTGATTTCTGAGATAGAGATTATGAAATTCGCCAAATTCATGACGTATTTCGTTAATAGGTGTAACCTAAAAGCTCACAATTTGGGCTCCGACTAAGCTCATGATGTTAATGTGTGTTGTCAGGTTTCGTTGCAA	0	10	2	21	6	19	10	2	9	8	14	5	9	12	5	10	5	6	5	15	11	14	4	10	17	0	14	7	1	7	4	4	13	0	8	17	12	13	13	6	14	14	3	6	3	4	3	14	12	11	10	4	5	13	16	8	6	1	0	13	9	0	11	13	0	0	6	2	4	8	5	18	2	19	7	7	5	10	6	0	8	23	4	17	4	7	8	28	11	3	23	0	12	7	11	1	20	9	6
231127	TGCAGGCTGACAGTATAGAGCCAAATTTACTACCTAGTTATTCTGTACTTTCTAGCAACTAGCCAATTTTCATTAATTGACTGTCCTCTAGTTATTTGTTCAACTTTATTTATAGTATCGATATCTACTGAGCATTTTTAT	0	4	3	5	0	0	9	0	2	0	0	0	0	0	2	0	0	6	0	2	6	0	1	0	11	0	12	0	4	3	0	7	3	0	10	2	8	4	5	0	0	0	0	1	0	0	0	0	0	0	5	3	5	7	4	4	0	0	0	12	0	0	0	10	0	0	4	0	0	6	5	15	0	6	1	1	0	8	11	0	4	1	0	0	4	0	6	0	6	0	0	0	3	1	8	0	10	7	4
241589	TGCAGGCCAGGCTGGACGAGCGTGAGCGCGAAGTTGACTACCTTCAGGCACAGCTGGACAAGCTGCGTCGCATGAACTTCGGCAGCCGCTCTGAAAAAGTCGCGAAGCGCATCGCGCAGATAGAAACCAGGCTCACCGCCA	0	0	2	0	1	0	1	11	1	26	0	3	0	1	0	0	0	0	0	0	0	5	3	0	0	0	0	0	0	0	19	2	0	1	0	1	4	0	0	210	0	11	648	0	0	453	0	6	6	0	1	1	0	0	7	0	0	480	0	0	1	20	381	0	2	502	0	0	3	0	0	0	3	0	0	0	1	0	0	72	2	0	0	0	0	0	0	61	1	2	11	0	2	0	0	0	2	2	0
243234	TGCAGGAAGCAACAGAAACAAGAAAGAAAATATTAGAAAATCAAAGAATAGCTTCTGATAAAAAGGAACTCTTGGAACAAAAACTTAAAACAGAACAAGTTCCATCAGACAAAGATGTAGTTATAGATCAAAGAGACAAAT	0	8	3	13	0	0	13	0	1	0	0	3	5	0	3	2	1	3	0	6	12	0	0	0	9	1	6	0	3	1	0	7	6	0	8	5	8	5	10	0	1	0	0	2	0	0	0	0	0	5	7	3	0	6	6	1	3	0	1	9	0	0	0	4	0	0	3	0	0	10	4	18	0	7	6	1	0	7	8	0	1	11	0	6	5	0	9	0	4	0	0	0	2	5	8	0	3	6	3
244859	TGCAGGAAACAACAGAAACAAGAAAGAAAATATTAGAAAATCAAAGAATAGCTTCTGATAAAAAGGAACTCTTGGAACAAAAACTTAAAACAGAACAAGTTCCATCAGACAAAGATGTAGTTATAGATCAAAGAGACAAAT	0	14	2	15	0	0	4	0	1	0	0	4	2	3	9	2	6	7	0	11	6	0	0	0	8	0	16	0	2	0	0	12	12	0	22	11	6	14	9	0	1	1	0	1	0	0	0	0	0	4	12	4	7	19	12	3	9	0	0	14	0	0	1	12	0	0	5	3	0	11	8	32	0	17	8	1	0	18	14	0	2	25	0	20	11	0	22	0	13	0	0	0	10	5	9	0	12	4	10
251547	TGCAGGTCGAAGCTTACTGCCTCTACTTACACCTGGTGTCCTTCTGGAGATGGACGCTGCACATAGATCATTTTTCAGGACTTAGGCGGCAAAAATTATTTTATGTGATATTTATTTTACAAAATAATTACATTAAAGAAT	0	29	10	28	0	0	25	0	4	0	0	9	11	6	14	6	15	21	0	24	26	0	0	0	26	5	26	0	18	5	0	17	24	0	47	15	33	19	23	0	5	0	0	13	0	0	0	0	0	14	14	8	19	25	23	17	24	0	1	38	1	0	0	21	0	0	16	1	0	22	17	53	0	30	13	6	0	25	21	0	6	56	0	39	14	1	16	0	27	0	0	0	24	10	37	0	22	22	14
260248	TGCAGGTCTTCCGATTTACCTCTGACATCATCTCTCATTTTCACTTTCCTTGGTTGTTCTTCTCCTTTTTTTATCAGCTCTTCTGTACTGAGAGGTATTTTTTGTGTCTTTGTCTTATTTTCAATAGTTACATTATCCTTC	0	10	3	11	0	0	9	0	1	0	0	2	6	4	9	1	8	13	0	15	8	0	0	0	16	0	9	0	8	0	0	3	16	0	22	4	9	13	14	0	6	0	0	4	0	0	0	0	0	3	5	3	6	9	15	9	5	0	0	15	0	0	0	15	0	0	2	1	0	15	9	18	0	18	10	0	0	12	5	0	4	16	0	14	5	0	18	0	8	0	0	1	4	8	18	0	9	10	6
261072	TGCAGGTGATGGAATTCTCCCAGTAAATTCCTTCTGAGTATTTCATTTATCCAACTCAAACGTCTTTTCTTATCACGATGAGCTCTCAAACGCCTTATTATGTAAGGTAGATCCAAAAAGTAAATGTTTTGCAAATCCATT	0	10	2	6	0	0	7	0	2	0	0	2	0	2	2	1	3	2	0	4	3	0	0	0	4	1	5	0	3	3	0	2	4	0	12	4	6	6	8	0	2	0	0	1	0	0	0	0	0	2	6	6	4	6	11	5	4	0	1	3	0	0	0	4	0	0	2	0	0	4	3	16	0	14	7	3	0	6	7	0	0	10	0	9	4	0	6	0	7	0	0	0	4	7	12	0	8	7	6
290130	TGCAGGCTGACAGTATAGAGCCAAATTTACTACCTAGTTATTCTGTACTTTCTAGCAACTAGCCAATTTTCATTAATTGACTGTCCTCTAGTTATTTGTTCAACTTTATTTATAGTATCGATATCTACTGAGCATTTTGAT	0	3	2	19	0	0	9	0	2	0	0	3	4	1	10	7	7	10	0	6	9	0	1	0	21	0	8	0	5	4	0	4	13	0	16	10	11	16	29	0	7	0	0	5	0	0	0	0	1	11	8	18	6	41	17	11	10	1	0	15	0	0	0	11	0	0	4	12	0	9	17	36	0	22	12	4	0	10	26	0	11	21	0	16	6	0	6	0	9	0	0	0	11	14	13	0	8	10	8
321875	TGCAGGTGGTACAAAACAAATGCCTCCGTATGGCTATTAAATATTCATGCTTACCAAAACTTCCTAGAACCTCGTGGTTACATGACATAGCCGATATACCCACTGTCAAAGACTTCGTCACCAAAATTTCAACAAACTTTT	0	11	5	25	0	0	15	0	0	0	0	4	8	3	12	4	12	5	0	12	12	0	0	0	16	1	9	0	4	2	0	11	12	0	23	9	17	16	20	0	3	1	0	7	1	0	0	0	0	2	11	4	8	14	19	11	11	0	1	13	0	0	0	6	0	0	14	1	1	13	17	25	0	28	5	3	0	16	24	0	5	24	0	23	7	0	13	0	7	0	0	1	13	13	14	0	10	9	13
379880	TGCAGGACAATTTACTAAATAATCCGCACAAATTCTTTAATTATTACCGGTTGAGTCCAGACACATTTCCATACATTTTGAGGCATCAATCGCCAAAGATTTATTAATTCAGATTGAACAAAAAAAGTAACAACCATCTAT	0	5	0	5	0	0	8	0	0	0	0	2	1	0	0	2	2	6	0	1	5	0	0	0	10	1	8	0	5	1	0	8	6	0	3	4	5	5	2	0	1	0	0	1	0	0	0	0	0	1	1	0	3	7	9	3	9	0	0	9	0	0	0	5	0	0	4	4	0	4	7	13	0	9	4	2	0	5	6	0	1	12	0	3	3	0	5	0	7	0	0	0	6	1	5	0	5	9	7
464910	TGCAGGAGGAACAAATTCTCAAAATCTTTATTTTCAAGCCTACTAGAAGGGTACGAGCTGGATGGTATACAAGCAATAAAGTGGGGAAAAGAACATGAAGTGACAGCAATTGCTGTATTTCAAAAAATTACCGGATTATCA	1	27	10	53	11	12	27	3	11	2	7	18	17	7	28	7	13	27	6	26	21	16	4	11	33	3	24	4	6	3	8	24	30	0	34	32	21	27	38	3	18	8	2	15	2	12	5	4	11	10	29	12	18	41	44	20	21	0	1	47	12	13	11	28	0	3	27	18	9	26	31	108	11	47	12	7	14	36	38	0	10	56	2	41	22	6	35	24	26	1	7	0	31	19	46	11	31	24	19
